[
  {
    "id": "883de25e-77b4-46ad-937e-7a9cfbe10e09",
    "data": [
      {
        "text": "I would like to set an appointment for ",
        "userDefined": false
      },
      {
        "text": "3pm",
        "meta": "@sys.time",
        "alias": "time",
        "userDefined": false
      },
      {
        "text": " ",
        "userDefined": false
      },
      {
        "text": "on Wednesday",
        "meta": "@sys.date",
        "alias": "date",
        "userDefined": false
      }
    ],
    "isTemplate": false,
    "count": 0,
    "lang": "en",
    "updated": 0
  },
  {
    "id": "17830875-7b87-4009-a613-5c0233ae20f3",
    "data": [
      {
        "text": "License",
        "meta": "@AppointmentType",
        "alias": "AppointmentType",
        "userDefined": false
      },
      {
        "text": " renewal appointment ",
        "userDefined": false
      },
      {
        "text": "on Monday",
        "meta": "@sys.date",
        "alias": "date",
        "userDefined": false
      }
    ],
    "isTemplate": false,
    "count": 0,
    "lang": "en",
    "updated": 0
  },
  {
    "id": "77caed2e-ac7e-4b2d-b323-5950c2c9cab7",
    "data": [
      {
        "text": "Vehicle registration",
        "meta": "@AppointmentType",
        "alias": "AppointmentType",
        "userDefined": false
      },
      {
        "text": " appointment for ",
        "userDefined": false
      },
      {
        "text": "Monday",
        "meta": "@sys.date",
        "alias": "date",
        "userDefined": false
      }
    ],
    "isTemplate": false,
    "count": 0,
    "lang": "en",
    "updated": 0
  },
  {
    "id": "46607f09-56af-440b-9664-f1490d387210",
    "data": [
      {
        "text": "I would like to set an appointment for ",
        "userDefined": false
      },
      {
        "text": "3 PM",
        "meta": "@sys.time",
        "alias": "time",
        "userDefined": false
      },
      {
        "text": " on ",
        "userDefined": false
      },
      {
        "text": "Tuesday",
        "meta": "@sys.date",
        "alias": "date",
        "userDefined": false
      },
      {
        "text": " for ",
        "userDefined": false
      },
      {
        "text": "drivers license",
        "meta": "@AppointmentType",
        "alias": "AppointmentType",
        "userDefined": true
      }
    ],
    "isTemplate": false,
    "count": 0,
    "lang": "en",
    "updated": 0
  },
  {
    "id": "41ebc1ec-8a26-4b4f-bf37-bd3d4e242071",
    "data": [
      {
        "text": "Need an appointment for ",
        "userDefined": false
      },
      {
        "text": "4 PM",
        "meta": "@sys.time",
        "alias": "time",
        "userDefined": false
      },
      {
        "text": " ",
        "userDefined": false
      },
      {
        "text": "tomorrow",
        "meta": "@sys.date",
        "alias": "date",
        "userDefined": true
      }
    ],
    "isTemplate": false,
    "count": 0,
    "lang": "en",
    "updated": 0
  },
  {
    "id": "3c3d879f-c7ea-4ea5-8151-f10e48426bd3",
    "data": [
      {
        "text": "Set an appointment on ",
        "userDefined": false
      },
      {
        "text": "Wednesday",
        "meta": "@sys.date",
        "alias": "date",
        "userDefined": true
      },
      {
        "text": " at ",
        "userDefined": false
      },
      {
        "text": "2 PM",
        "meta": "@sys.time",
        "alias": "time",
        "userDefined": false
      },
      {
        "text": " for ",
        "userDefined": false
      },
      {
        "text": "license",
        "meta": "@AppointmentType",
        "alias": "AppointmentType",
        "userDefined": true
      }
    ],
    "isTemplate": false,
    "count": 0,
    "lang": "en",
    "updated": 0
  }
]