[
  {
    "id": "4e026be7-d077-4777-b924-1b6a2588e2ae",
    "data": [
      {
        "text": "one ",
        "userDefined": false
      },
      {
        "text": "chocolate",
        "alias": "flavor",
        "meta": "@flavor",
        "userDefined": false
      },
      {
        "text": " ",
        "userDefined": false
      },
      {
        "text": "smoothie",
        "alias": "drink",
        "meta": "@drink",
        "userDefined": false
      },
      {
        "text": " please",
        "userDefined": false
      }
    ],
    "isTemplate": false,
    "count": 0,
    "updated": 0
  },
  {
    "id": "35019b9e-964c-4fd2-a995-431c659e2014",
    "data": [
      {
        "text": "I want one ",
        "userDefined": false
      },
      {
        "text": "vanilla",
        "alias": "flavor",
        "meta": "@flavor",
        "userDefined": false
      },
      {
        "text": " ",
        "userDefined": false
      },
      {
        "text": "milkshake",
        "alias": "drink",
        "meta": "@drink",
        "userDefined": false
      },
      {
        "text": " with ",
        "userDefined": false
      },
      {
        "text": "2%",
        "alias": "milk_type",
        "meta": "@milk_type",
        "userDefined": false
      },
      {
        "text": " milk",
        "userDefined": false
      }
    ],
    "isTemplate": false,
    "count": 0,
    "updated": 0
  },
  {
    "id": "2152d90e-05bf-4332-80c5-f7f0e33a86e4",
    "data": [
      {
        "text": "i want a ",
        "userDefined": false
      },
      {
        "text": "small",
        "alias": "size",
        "meta": "@size",
        "userDefined": false
      },
      {
        "text": " ",
        "userDefined": false
      },
      {
        "text": "strawberry",
        "alias": "flavor",
        "meta": "@flavor",
        "userDefined": false
      },
      {
        "text": " ",
        "userDefined": false
      },
      {
        "text": "smoothie",
        "alias": "drink",
        "meta": "@drink",
        "userDefined": false
      }
    ],
    "isTemplate": false,
    "count": 0,
    "updated": 0
  },
  {
    "id": "fa3f15fd-6d24-4bfc-8134-85fb75d52e68",
    "data": [
      {
        "text": "two",
        "alias": "number",
        "meta": "@sys.number",
        "userDefined": false
      },
      {
        "text": " ",
        "userDefined": false
      },
      {
        "text": "large",
        "alias": "size",
        "meta": "@size",
        "userDefined": false
      },
      {
        "text": " ",
        "userDefined": false
      },
      {
        "text": "soy milk",
        "alias": "milk_type",
        "meta": "@milk_type",
        "userDefined": false
      },
      {
        "text": " ",
        "userDefined": false
      },
      {
        "text": "chocolate",
        "alias": "flavor",
        "meta": "@flavor",
        "userDefined": false
      },
      {
        "text": " ",
        "userDefined": false
      },
      {
        "text": "milkshakes",
        "alias": "drink",
        "meta": "@drink",
        "userDefined": false
      }
    ],
    "isTemplate": false,
    "count": 0,
    "updated": 0
  },
  {
    "id": "80ff1375-1a18-4080-b464-f9564dc88d20",
    "data": [
      {
        "text": "i\u0027d like to order a rasberry ",
        "userDefined": false
      },
      {
        "text": "smoothie",
        "alias": "drink",
        "meta": "@drink",
        "userDefined": false
      },
      {
        "text": " please",
        "userDefined": false
      }
    ],
    "isTemplate": false,
    "count": 0,
    "updated": 0
  },
  {
    "id": "15be95fd-6538-495f-bc74-256e9ba447a1",
    "data": [
      {
        "text": "I would like a ",
        "userDefined": false
      },
      {
        "text": "mocha",
        "alias": "flavor",
        "meta": "@flavor",
        "userDefined": false
      },
      {
        "text": " ",
        "userDefined": false
      },
      {
        "text": "smoothie",
        "alias": "drink",
        "meta": "@drink",
        "userDefined": false
      }
    ],
    "isTemplate": false,
    "count": 0,
    "updated": 0
  }
]