[
  {
    "id": "761c6dd2-b6cf-4328-bfa7-5b652ef6a6da",
    "data": [
      {
        "text": "I want a pack of pizza to go",
        "userDefined": false
      }
    ],
    "isTemplate": false,
    "count": 0,
    "updated": 0
  },
  {
    "id": "1674b866-9cce-4eb8-ad60-38f7f6134ffd",
    "data": [
      {
        "text": "Do you have a ",
        "userDefined": false
      },
      {
        "text": "pepperoni",
        "alias": "pizza_topping",
        "meta": "@pizza_topping",
        "userDefined": true
      },
      {
        "text": " pizza?",
        "userDefined": false
      }
    ],
    "isTemplate": false,
    "count": 1,
    "updated": 0
  },
  {
    "id": "f2037c00-40f8-49cb-aad4-694cb6bcbd7f",
    "data": [
      {
        "text": "I need a pizza",
        "userDefined": false
      }
    ],
    "isTemplate": false,
    "count": 0,
    "updated": 0
  },
  {
    "id": "354cd265-b499-4dff-a7a6-b61d95de3332",
    "data": [
      {
        "text": "I want to order a ",
        "userDefined": false
      },
      {
        "text": "large",
        "alias": "size",
        "meta": "@size",
        "userDefined": true
      },
      {
        "text": " pizza",
        "userDefined": false
      }
    ],
    "isTemplate": false,
    "count": 0,
    "updated": 0
  },
  {
    "id": "b89b8c87-88e0-4d8a-8dbf-be3a297e1d9f",
    "data": [
      {
        "text": "I want a ",
        "userDefined": false
      },
      {
        "text": "chicken",
        "alias": "pizza_topping",
        "meta": "@pizza_topping",
        "userDefined": true
      },
      {
        "text": " pizza",
        "userDefined": false
      }
    ],
    "isTemplate": false,
    "count": 0,
    "updated": 0
  },
  {
    "id": "7d2e253c-bf9a-41b5-b984-98bf42d660ea",
    "data": [
      {
        "text": "I\u0027d like to order a pizza for pickup in ",
        "userDefined": false
      },
      {
        "text": "1 hour",
        "alias": "time",
        "meta": "@sys.time",
        "userDefined": false
      }
    ],
    "isTemplate": false,
    "count": 0,
    "updated": 0
  },
  {
    "id": "4b58081c-e198-4c93-a8c2-3f5749580c9a",
    "data": [
      {
        "text": "I want a pizza with ",
        "userDefined": false
      },
      {
        "text": "pepper",
        "alias": "pizza_topping",
        "meta": "@pizza_topping",
        "userDefined": true
      },
      {
        "text": " and ",
        "userDefined": false
      },
      {
        "text": "mushroom",
        "alias": "pizza_topping",
        "meta": "@pizza_topping",
        "userDefined": true
      }
    ],
    "isTemplate": false,
    "count": 0,
    "updated": 0
  },
  {
    "id": "a53c0156-7634-46a9-916a-2d93cb6233c5",
    "data": [
      {
        "text": "I\u0027d like a ",
        "userDefined": false
      },
      {
        "text": "small",
        "alias": "size",
        "meta": "@size",
        "userDefined": true
      },
      {
        "text": " pizza with ",
        "userDefined": false
      },
      {
        "text": "mushrooms",
        "alias": "pizza_topping",
        "meta": "@pizza_topping",
        "userDefined": true
      }
    ],
    "isTemplate": false,
    "count": 0,
    "updated": 0
  },
  {
    "id": "169dfcbd-60b6-47c9-9279-f7479d97d745",
    "data": [
      {
        "text": "I want to order a ",
        "userDefined": false
      },
      {
        "text": "small",
        "alias": "size",
        "meta": "@size",
        "userDefined": true
      },
      {
        "text": " pizza with ",
        "userDefined": false
      },
      {
        "text": "chicken",
        "alias": "pizza_topping",
        "meta": "@pizza_topping",
        "userDefined": true
      },
      {
        "text": " only",
        "userDefined": false
      }
    ],
    "isTemplate": false,
    "count": 0,
    "updated": 0
  },
  {
    "id": "3ea51658-7969-46c9-8c14-9130c7e3d724",
    "data": [
      {
        "text": "I want to order a cheese pizza for ",
        "userDefined": false
      },
      {
        "text": "1 PM",
        "alias": "time",
        "meta": "@sys.time",
        "userDefined": true
      },
      {
        "text": " ",
        "userDefined": false
      },
      {
        "text": "tomorrow",
        "alias": "date",
        "meta": "@sys.date",
        "userDefined": false
      }
    ],
    "isTemplate": false,
    "count": 0,
    "updated": 0
  },
  {
    "id": "63cc156c-cf8e-4b7a-a0a9-6ab150a47324",
    "data": [
      {
        "text": "can I order a cheese pizza for pickup ",
        "userDefined": false
      },
      {
        "text": "today",
        "alias": "date",
        "meta": "@sys.date",
        "userDefined": true
      },
      {
        "text": " at ",
        "userDefined": false
      },
      {
        "text": "noon",
        "alias": "time",
        "meta": "@sys.time",
        "userDefined": false
      },
      {
        "text": " ?",
        "userDefined": false
      }
    ],
    "isTemplate": false,
    "count": 0,
    "updated": 0
  }
]